;KNN;Árvore de Decisão;Naive Bayes;SVM;MLP
0;0.8384;0.7696;0.812;0.864;0.8688
1;0.848;0.7624;0.8112;0.8648;0.8704
Média;0.8432;0.766;0.8116000000000001;0.8644000000000001;0.8695999999999999
