;KNN;Árvore de Decisão;Naive Bayes;SVM;MLP
0;0.8552;0.7528;0.824;0.8752;0.8432
1;0.8408;0.7576;0.796;0.8536;0.8432
Média;0.848;0.7552000000000001;0.81;0.8644000000000001;0.8432
